参数,中文含义
AdjacentAttack,攻击是否限定相邻目标
AreaKind,效果区域的计算方式，实际覆盖格由规则查询产生
AttackBonusKind,牌文攻击加成的条件类型
AttackBonusValue,该牌文攻击加成的参数值
AttackKind,该主要防御适用的来袭攻击类型
AttackSubtype,本卡攻击步骤的近战/远程类型
BasicAttackBonus,紫卡对基础攻击的常驻加成
BasicAttackRangeBonus,紫卡对基础攻击距离的常驻加成
BattleMinionCount,紫卡在兵战中计作的小兵数量
Block,主要防御是否使用抵挡规则
Duration,持续期类型；具体起止轮次在效果实例中
Effect,施加的持续效果类型，连接效果定义
ExcludeStraightLine,攻击目标是否排除六角直线上的单位
ExtraRemovalUsesAttackRange,追加小兵移除使用攻击距离还是相邻范围
FixedPushDistance,推动距离固定还是可选择上限以内距离
Followup,防御后的弃牌、击败或可选直线移动流程
GoldMaximum,一次转移金币的上限，实际仍受目标金币数限制
HeroTarget,英雄目标选择条件；None表示无需另选英雄
IgnoreHeavyImmunity,该小兵选择步骤是否忽略重型小兵免疫
IgnoresMinions,该主要防御是否忽略小兵计算
MinimumDistance,攻击/主要防御适用的最小双方距离
OnlyHeroes,攻击目标是否只允许英雄
OptionalPushTarget,该推动选择是否允许不选目标
PersistImmunityThroughDefeat,该防御免疫是否跨过来源被击败保留
PlacementTarget,自身放置的目的格规则
ProtectFromOtherAttacks,防御是否带对其他攻击的免疫
ProtectFromOtherEnemies,防御是否带对其他敌方行动的免疫
PushTarget,选择推动目标时允许的单位类型
RangeBonusKind,牌文攻击距离加成的条件类型
RangeBonusValue,该牌文距离加成的参数值
RearTargetDistance,相对原攻击目标检查后方英雄的距离
RecoverResolved,取回是否还允许已结算区，而非仅弃牌区
RecoveryRequiresAdjacentMinion,取回步骤是否要求与小兵相邻
RequiresAdjacentFriendlyMinion,主要防御是否要求相邻友方小兵
SupportMakesUnblockable,满足友方支援条件是否使攻击无法抵挡
SwapAfterMove,主要防御是否带后续换牌步骤
TargetMoveKeepsDistance,移动目标时是否保持与来源的距离
TextMoveDistance,牌文移动的距离参数；实际预算由对应步骤决定
TextMoveMinimum,需要按牌文最短距离筛选路线时的下限
TextPushDistance,牌文推动的距离参数
TraverseObstacles,紫卡是否允许穿越障碍，终点仍须合法
Trigger,紫卡触发时点和流程类别
UnitSwapTarget,换位目标的阵营、单位类型和范围条件
