Code,Operation,Chooser,Target,Condition,NoTarget,Optional
ChooseAttackTarget,select,controller,enemy_attack_target,card_target_parameters,stop_action,False
Attack,attack,defender_if_hero,selected_target,target_still_legal,stop_action,False
End,finish,none,action,responses_returns_reactions_then_completion,finish,False
ApplyEffect,effect,none,card_effect_area,duration_inside_round,continue,False
ApplyEffectIfRecovered,effect,none,self,actually_recovered,continue,False
CancelAdjacentSkillEffects,cancel_effect,none,adjacent_enemy_skill_sources,cancellable_source,continue,False
ChooseOptionalDiscard,discard,controller,own_hand,hand_nonempty,continue,True
DetermineAttackRange,calculate,none,attack_range,discard_condition_at_this_step,continue,False
OptionalTextMove,move,controller,self,text_distance,continue,True
OptionalRecoverDiscard,recover,recipient,recipient_allowed_zones,card_recovery_condition,continue,True
OptionalPreAttackTextMove,move,controller,self,text_distance,continue,True
OptionalTextMoveIfNoPreMove,move,controller,self,pre_move_not_used,continue,True
ChooseHeroTarget,select,controller,hero_target_parameter,target_parameters,stop_action,False
OptionalRepeatAttackAfterHeroDefeat,repeat_attack,controller,enemy_attack_target,previous_attack_defeated_hero_each_time,continue,True
OptionalMinionRemovalAfterDefeat,remove,controller,enemy_nonheavy_minion,minion_defeated_no_enemy_hero_in_attack_range,continue,True
PushAttackTargetIfAdjacent,push,none,selected_target,target_still_adjacent,continue,False
MoveIntoAttackTargetCell,move,none,self_to_attack_target_origin,target_cell_reachable,continue,False
RequiredStraightMoveToAttack,move,controller,self,straight_route_to_attack_required,stop_action,False
RequiredStraightMoveThroughEnemy,move,controller,self,straight_route_through_enemy_required,stop_action,False
PrimaryMovement,move,controller,self,primary_movement_value,continue,True
TargetDiscardIfAble,discard,target,target_hand,target_has_hand,continue,False
TargetDiscardOrDefeat,discard_or_defeat,target,target_hand_or_self,target_still_present,continue,False
OptionalOtherHeroDiscard,select_then_discard,controller_then_target,other_enemy_hero,hero_target_parameter,continue,True
OptionalGoldTransfer,transfer_gold,controller,adjacent_enemy_hero,available_gold_and_maximum,continue,True
RequiredStraightMoveIfAble,move,controller,self,legal_exact_straight_route,continue,False
OptionalDifferentAttackIfAdjacentEnemy,repeat_attack,controller,different_enemy_target,adjacent_enemy_hero,continue,True
ChooseSelfPlacement,place,controller,self,placement_target_parameter,stop_action,False
OptionalMoveOtherAdjacentToTarget,select_then_move,controller,unit_adjacent_to_target_except_self,target_still_valid,continue,True
ChooseFriendlyMinionTarget,select,controller,friendly_minion,skill_range_ignore_heavy_parameter,stop_action,False
OptionalTargetUnitMove,move,controller,selected_unit,text_distance_and_distance_constraint,continue,True
OptionalRepeatFriendlyMinionMove,select_repeat,controller,friendly_minion,skill_range_ignore_heavy_parameter,finish_repeat,True
ChooseUnitSwapTarget,select,controller,swap_target_parameter,legal_swap_pair,stop_action,False
SwapTargetUnits,swap,none,self_and_selected_unit,legal_swap_pair,stop_action,False
ChooseOptionalUnitSwapTarget,select,controller,swap_target_parameter,legal_swap_pair,continue_after_swap,True
PushAllAdjacentEnemies,push_serial,controller,adjacent_enemies,select_order_each_target_once,continue,False
DiscardBlockedPushHeroesIfAble,discard_serial,controller_then_each_target,pushed_heroes_blocked_by_obstacle_or_unit,target_has_hand,continue,False
ChooseProtectionOrSelfRecovery,choose_branch,controller,protect_or_recover_self,recovery_requires_empty_discard,continue,False
ChooseNearestApproachTarget,select,controller,nearest_legal_nonadjacent_enemy,attack_range_nonimmune,stop_action,False
OptionalApproachMove,move,controller,selected_unit,shortest_valid_path_toward_source,continue,True
OptionalRepeatApproach,select_repeat,controller,nearest_legal_nonadjacent_enemy,repeat_once,continue,True
OptionalOtherHeroDiscardOrDefeat,select_then_payment,controller_then_target,other_enemy_hero,hero_target_parameter,continue,True
ChooseUnitPush,select_then_push,controller,push_target_parameter,optional_target_and_fixed_distance_parameters,stop_unless_optional,False
ChooseUnitPlacement,select_then_place,controller,nonlinear_unit_in_attack_range,empty_adjacent_destination,stop_action,False
OptionalRepeatUnitPlacement,select_then_place,controller,nonlinear_unit_in_attack_range,repeat_once,continue,True
OtherHeroDiscardOrDefeatIfAvailable,select_then_payment,controller_then_target,enemy_hero_behind_attack_target,rear_target_distance,continue_original_attack,False
OptionalDifferentFullAttack,repeat_full_attack,controller,different_enemy_target,repeat_once,continue_after_repeat,True
ChooseOrbitalTarget,select,controller,other_nonadjacent_unit,skill_range,stop_action,False
OptionalRepeatOrbitalMove,select_repeat,controller,other_nonadjacent_unit,explicit_remaining_repeat_steps,finish_repeat,True
ApplyPoison,poison,none,selected_hero,attack_and_initiative_passives,continue,False
ApplyDefensePoison,poison,none,selected_hero,attack_initiative_defense_passives,continue,False
PrimaryDefense,defend,self,incoming_attack,defense_parameters,unavailable,False
AfterBasicSkillDiscard,discard,controller_then_target,enemy_hero_anywhere,after_basic_skill,continue,False
AfterPushDiscardOrDefeat,discard_or_defeat,pushed_hero,enemy_hero_hand_or_self,after_push_by_owner,continue,False
BeforeActionAdjacentDiscard,discard,controller_then_target,adjacent_enemy_hero,before_outer_action,continue,False
BeforeActionMoveAndRepeat,move_and_repeat,controller,self_then_different_target,owner_immune_before_outer_action,continue,True
MinionBattleParticipant,battle_contribution,team_captain,self,hero_present_any_region,stop_battle_on_removal,False
AfterBasicSkillMinionBattle,battle,controller_then_captains,current_combat_region,owner_in_current_combat_region_after_basic_skill,continue,True
