expected	-8.660254	7	9.536743E-07
expected	-8.660254	8	9.536743E-07
expected	-9.526279	8.5	0
expected	-10.3923	8	9.536743E-07
expected	-10.3923	7	9.536743E-07
expected	-9.526279	5.5	9.536743E-07
expected	-10.3923	7	9.536743E-07
expected	-11.25833	6.5	9.536743E-07
expected	-11.25833	5.5	1.348699E-06
expected	-10.3923	5	1.348699E-06
expected	-7.794228	5.5	2.132481E-06
expected	-7.794228	6.5	1.907349E-06
expected	-8.660254	7	1.348699E-06
expected	-9.526278	5.5	1.348699E-06
expected	-8.660254	5	1.348699E-06
expected	6.062178	6.5	4.768372E-07
expected	5.196152	7	1.348699E-06
expected	4.330127	6.5	4.768372E-07
expected	4.330127	5.5	1.06624E-06
expected	5.196152	5	9.536743E-07
expected	7.794229	5.5	1.06624E-06
expected	7.794229	6.5	4.768372E-07
expected	6.928203	7	1.06624E-06
expected	6.062178	6.5	4.768372E-07
expected	6.928203	5	1.06624E-06
expected	12.99038	5.5	2.132481E-06
expected	12.99038	6.5	1.907349E-06
expected	12.12436	7	2.132481E-06
expected	11.25833	6.5	1.907349E-06
expected	11.25833	5.5	1.348699E-06
expected	12.12436	5	1.348699E-06
expected	-10.39231	4	9.536743E-07
expected	-10.39231	5	9.536743E-07
expected	-11.25833	5.5	9.536743E-07
expected	-12.12436	5	1.348699E-06
expected	-12.12436	4	1.348699E-06
expected	-11.25833	3.5	2.384186E-07
expected	-6.928203	4	1.348699E-06
expected	-6.928203	5	1.348699E-06
expected	-7.794229	5.5	1.719261E-06
expected	-8.660254	5	1.348699E-06
expected	-8.660254	4	1.348699E-06
expected	-7.794229	3.5	1.450244E-06
expected	0	4	9.61096E-07
expected	0	5	9.61096E-07
expected	-0.8660254	5.5	9.61096E-07
expected	-1.732051	5	9.536743E-07
expected	-1.732051	4	9.536743E-07
expected	-0.8660254	3.5	2.457562E-07
expected	6.928203	4	1.06624E-06
expected	6.928203	5	1.06624E-06
expected	5.196152	5	9.536743E-07
expected	5.196152	4	9.536743E-07
expected	6.062178	3.5	5.331202E-07
expected	12.12436	4	1.348699E-06
expected	12.12436	5	1.348699E-06
expected	11.25833	5.5	1.348699E-06
expected	10.39231	5	1.348699E-06
expected	10.39231	4	1.348699E-06
expected	-11.25833	2.5	1.06624E-06
expected	-11.25833	3.5	2.384186E-07
expected	-12.12436	4	1.348699E-06
expected	-12.99038	3.5	9.83025E-07
expected	-12.99038	2.5	1.06624E-06
expected	-12.12436	2	1.192093E-06
expected	10.3923	4	2.132481E-06
expected	9.526279	3.5	1.922192E-06
expected	9.526279	2.5	1.96605E-06
expected	10.3923	2	2.037049E-06
expected	12.99038	2.5	1.96605E-06
expected	12.99038	3.5	1.922192E-06
expected	12.12436	4	1.348699E-06
expected	-12.12436	1	4.768372E-07
expected	-12.12436	2	7.152557E-07
expected	-12.99038	2.5	4.768372E-07
expected	-13.85641	2	7.152557E-07
expected	-13.85641	1	4.768372E-07
expected	-12.99038	0.5	5.960464E-07
expected	12.12436	1	1.06624E-06
expected	10.39231	2	1.192093E-06
expected	10.39231	1	1.06624E-06
expected	11.25833	0.5	1.124618E-06
expected	13.85641	1	4.768372E-07
expected	13.85641	2	7.152557E-07
expected	12.99038	2.5	1.06624E-06
expected	12.12436	1	4.768372E-07
expected	12.99038	0.5	1.124618E-06
expected	-12.99038	-0.5	6.556511E-07
expected	-12.99038	0.5	5.960464E-07
expected	-13.85641	1	4.768372E-07
expected	-14.72243	0.5000001	5.364418E-07
expected	-14.72243	-0.5	6.258488E-07
expected	-13.85641	-1	7.152557E-07
expected	-7.794228	-0.5	2.016893E-06
expected	-7.794228	0.5	1.998312E-06
expected	-8.660254	1	1.06624E-06
expected	-9.526278	0.5000001	1.094196E-06
expected	-9.526278	-0.5	1.140693E-06
expected	-8.660254	-1	1.192093E-06
expected	0.8660254	-0.5	6.795975E-07
expected	0.8660254	0.5	6.222908E-07
expected	-4.371139E-08	1	5.039016E-07
expected	-0.8660254	0.5000001	5.39743E-07
expected	-0.8660254	-0.5	6.286807E-07
expected	1.192488E-08	-1	7.23257E-07
expected	9.526278	-0.5	2.935188E-06
expected	9.526278	0.5	1.124618E-06
expected	8.660254	1	1.06624E-06
expected	7.794228	0.5000001	1.094196E-06
expected	7.794228	-0.5	1.140693E-06
expected	8.660254	-1	2.037049E-06
expected	14.72243	-0.5	2.016893E-06
expected	14.72243	0.5	1.998312E-06
expected	13.85641	1	4.768372E-07
expected	12.99038	0.5000001	1.094196E-06
expected	12.99038	-0.5	2.007403E-06
expected	13.85641	-1	2.037049E-06
expected	-12.12436	-2	7.152557E-07
expected	-12.12436	-1	7.152557E-07
expected	-12.99038	-0.5	6.556511E-07
expected	-13.85641	-0.9999999	6.556511E-07
expected	-13.85641	-2	7.152557E-07
expected	-12.99038	-2.5	7.152557E-07
expected	-6.928203	-2	1.192093E-06
expected	-6.928203	-1	1.192093E-06
expected	-7.794229	-0.5	1.573608E-06
expected	-8.660254	-0.9999999	1.157313E-06
expected	-8.660254	-2	1.192093E-06
expected	-7.794229	-2.5	1.59936E-06
expected	1.732051	-2	7.539458E-07
expected	1.732051	-1	7.539458E-07
expected	0.8660253	-0.5	6.976545E-07
expected	0	-0.9999999	6.664002E-07
expected	0	-2	7.251218E-07
expected	0.8660254	-2.5	7.372687E-07
expected	10.3923	-2	2.037049E-06
expected	10.3923	-1	2.037049E-06
expected	9.526279	-0.5	2.016893E-06
expected	8.660254	-0.9999999	1.157313E-06
expected	8.660254	-2	1.192093E-06
expected	9.526279	-2.5	2.037049E-06
expected	15.58846	-2	2.037049E-06
expected	15.58846	-1	2.037049E-06
expected	14.72243	-0.5	2.016893E-06
expected	13.85641	-0.9999999	2.016893E-06
expected	13.85641	-2	2.037049E-06
expected	14.72243	-2.5	2.037049E-06
expected	-11.25833	-2.5	7.152557E-07
expected	-12.12436	-2	1.192093E-06
expected	-12.99038	-2.5	1.192093E-06
expected	-12.99038	-3.5	1.348699E-06
expected	-12.12436	-4	1.348699E-06
expected	-9.526279	-3.5	9.536743E-07
expected	-9.526279	-2.5	1.192093E-06
expected	-10.3923	-2	1.192093E-06
expected	-11.25833	-2.5	1.192093E-06
expected	14.72243	-3.5	2.132481E-06
expected	14.72243	-2.5	2.037049E-06
expected	13.85641	-2	2.037049E-06
expected	12.99038	-2.5	2.037049E-06
expected	12.99038	-3.5	1.348699E-06
expected	13.85641	-4	9.536743E-07
expected	-12.12436	-4	1.348699E-06
expected	-12.12436	-5	1.348699E-06
expected	-11.25833	-5.5	9.536743E-07
expected	-8.660254	-5	9.536743E-07
expected	-8.660254	-4	9.536743E-07
expected	-9.526279	-3.5	9.536743E-07
expected	-9.526279	-5.5	9.536743E-07
expected	13.85641	-5	9.536743E-07
expected	13.85641	-4	9.536743E-07
expected	12.99038	-3.5	1.348699E-06
expected	12.12436	-4	1.348699E-06
expected	12.12436	-5	1.348699E-06
expected	12.99038	-5.5	1.348699E-06
expected	-9.526279	-6.5	1.348699E-06
expected	-9.526279	-5.5	9.536743E-07
expected	-11.25833	-5.5	1.348699E-06
expected	-11.25833	-6.5	1.348699E-06
expected	-10.3923	-7	1.348699E-06
expected	-4.330127	-6.5	1.06624E-06
expected	-4.330127	-5.5	1.06624E-06
expected	-5.196152	-5	1.06624E-06
expected	-6.062178	-5.5	1.06624E-06
expected	-6.062178	-6.5	1.06624E-06
expected	2.598076	-6.5	9.83025E-07
expected	2.598076	-5.5	9.83025E-07
expected	1.732051	-5	9.83025E-07
expected	0.8660254	-5.5	9.702933E-07
expected	0.8660254	-6.5	9.702933E-07
expected	1.732051	-7	9.83025E-07
expected	9.526278	-6.5	3.015783E-06
expected	9.526278	-5.5	1.348699E-06
expected	8.660254	-5	1.348699E-06
expected	7.794228	-5.5	1.348699E-06
expected	7.794228	-6.5	1.348699E-06
expected	8.660254	-7	2.132481E-06
expected	12.99038	-6.5	2.132481E-06
expected	12.99038	-5.5	2.132481E-06
expected	12.12436	-5	2.132481E-06
expected	11.25833	-5.5	2.132481E-06
expected	11.25833	-6.5	1.348699E-06
expected	12.12436	-7	1.348699E-06
expected	-10.39231	-8	9.536743E-07
expected	-10.39231	-7	9.536743E-07
expected	-11.25833	-6.5	9.536743E-07
expected	-12.12436	-7	1.348699E-06
expected	-12.12436	-8	1.348699E-06
expected	-11.25833	-8.5	9.536743E-07
expected	-5.196152	-8	1.06624E-06
expected	-6.062178	-6.5	1.06624E-06
expected	-6.928203	-7	9.536743E-07
expected	-6.928203	-8	9.536743E-07
expected	-6.062178	-8.5	1.06624E-06
expected	-3.464101	-8	9.536743E-07
expected	-3.464101	-7	9.536743E-07
expected	-4.330127	-6.5	1.06624E-06
expected	-5.196152	-8	1.06624E-06
expected	-4.330127	-8.5	1.06624E-06
expected	10.3923	-7	2.132481E-06
expected	9.526279	-6.5	2.132481E-06
expected	8.660254	-7	1.348699E-06
expected	8.660254	-8	1.348699E-06
expected	9.526279	-8.5	2.132481E-06
expected	12.12436	-8	1.348699E-06
expected	12.12436	-7	1.348699E-06
expected	11.25833	-6.5	1.348699E-06
expected	10.39231	-7	1.348699E-06
expected	11.25833	-8.5	1.348699E-06
expected	11.25833	-9.5	2.132481E-06
expected	11.25833	-8.5	2.132481E-06
expected	9.526279	-8.5	2.132481E-06
expected	9.526279	-9.5	2.132481E-06
expected	10.3923	-10	2.132481E-06
actual	9.526281	-9.499999	2.132481E-06
actual	9.526281	-8.499999	2.132481E-06
actual	12.12436	-7.999999	1.348699E-06
actual	11.25833	-8.499999	1.348699E-06
actual	11.25833	-5.499999	2.132481E-06
actual	12.12436	-4.999999	1.348699E-06
actual	14.72243	-2.499999	2.037049E-06
actual	14.72243	-3.499999	2.132481E-06
actual	-13.85641	1	4.768372E-07
actual	-13.85641	2.000001	7.152557E-07
actual	-10.39231	4.000001	9.536743E-07
actual	-11.25833	3.5	2.384186E-07
actual	-11.25833	6.5	9.536743E-07
actual	-10.39231	7.000001	1.348699E-06
actual	-8.660254	8.000001	9.536743E-07
actual	-8.660254	7.000001	9.536743E-07
actual	10.39231	-9.999999	2.132481E-06
actual	11.25833	-9.499999	2.132481E-06
actual	12.12436	-6.999999	1.348699E-06
actual	10.39231	-6.999999	1.348699E-06
actual	11.25833	-6.499999	1.348699E-06
actual	8.660255	-7.999999	1.348699E-06
actual	9.526281	-6.499999	2.132481E-06
actual	8.660255	-6.999999	1.348699E-06
actual	-4.330127	-8.499999	1.06624E-06
actual	-5.196153	-7.999999	1.06624E-06
actual	-3.464101	-7.999999	9.536743E-07
actual	-3.464101	-6.999999	9.536743E-07
actual	-4.330127	-6.499999	1.06624E-06
actual	-6.062178	-8.499999	1.06624E-06
actual	-6.928203	-7.999999	9.536743E-07
actual	-6.928203	-6.999999	9.536743E-07
actual	-6.062178	-6.499999	1.06624E-06
actual	-11.25833	-8.499999	9.536743E-07
actual	-12.12435	-7.999999	1.348699E-06
actual	-10.39231	-7.999999	9.536743E-07
actual	-10.39231	-6.999999	9.536743E-07
actual	-12.12435	-6.999999	1.348699E-06
actual	-11.25833	-6.499999	9.536743E-07
actual	12.99038	-6.499999	2.132481E-06
actual	12.12436	-6.999999	2.132481E-06
actual	12.99038	-5.499999	1.348699E-06
actual	11.25833	-6.499999	2.132481E-06
actual	7.794229	-6.499999	1.348699E-06
actual	9.526279	-5.499999	1.348699E-06
actual	8.660254	-4.999999	1.348699E-06
actual	7.794229	-5.499999	1.348699E-06
actual	1.732051	-6.999999	9.83025E-07
actual	0.8660256	-6.499999	9.702933E-07
actual	2.598076	-6.499999	9.83025E-07
actual	2.598076	-5.499999	9.83025E-07
actual	1.732051	-4.999999	9.83025E-07
actual	0.8660256	-5.499999	9.702933E-07
actual	-4.330127	-5.499999	1.06624E-06
actual	-5.196153	-4.999999	1.06624E-06
actual	-6.062178	-5.499999	1.06624E-06
actual	-9.52628	-6.499999	1.348699E-06
actual	-9.52628	-5.499999	1.348699E-06
actual	-11.25833	-5.499999	9.536743E-07
actual	13.85641	-4.999999	9.536743E-07
actual	13.85641	-3.999999	9.536743E-07
actual	12.12436	-3.999999	1.348699E-06
actual	12.99038	-3.499999	1.348699E-06
actual	-8.660254	-4.999999	9.536743E-07
actual	-9.526279	-5.499999	9.536743E-07
actual	-8.660254	-3.999999	9.536743E-07
actual	-9.526279	-3.499999	9.536743E-07
actual	-12.12435	-4.999999	1.348699E-06
actual	-12.12435	-3.999999	1.348699E-06
actual	13.85641	-3.999999	2.132481E-06
actual	12.99038	-2.499999	2.037049E-06
actual	13.85641	-1.999999	2.037049E-06
actual	12.99038	-3.499999	2.132481E-06
actual	-9.52628	-2.499999	1.192093E-06
actual	-9.52628	-3.499999	1.348699E-06
actual	-10.39231	-1.999999	1.192093E-06
actual	-11.25833	-2.499999	7.152557E-07
actual	-12.12436	-3.999999	1.348699E-06
actual	-12.99038	-3.499999	1.348699E-06
actual	-12.12436	-1.999999	7.152557E-07
actual	-11.25833	-2.499999	1.192093E-06
actual	-12.99038	-2.499999	7.152557E-07
actual	15.58846	-1.999999	2.037049E-06
actual	15.58846	-0.9999993	2.037049E-06
actual	14.72243	-0.4999993	2.016893E-06
actual	13.85641	-0.9999993	2.016893E-06
actual	9.526281	-2.499999	2.037049E-06
actual	8.660255	-1.999999	1.192093E-06
actual	10.39231	-1.999999	2.037049E-06
actual	10.39231	-0.9999993	2.037049E-06
actual	9.526281	-0.4999993	2.016893E-06
actual	8.660255	-0.9999993	1.157313E-06
actual	0.8660256	-2.499999	7.372687E-07
actual	1.192093E-07	-1.999999	7.251218E-07
actual	1.732051	-1.999999	7.539458E-07
actual	1.732051	-0.9999993	7.539458E-07
actual	0.8660256	-0.4999993	6.795975E-07
actual	1.192093E-07	-0.9999993	6.664002E-07
actual	-7.79423	-2.499999	1.59936E-06
actual	-8.660254	-1.999999	1.192093E-06
actual	-6.928204	-1.999999	1.192093E-06
actual	-6.928204	-0.9999993	1.192093E-06
actual	-7.79423	-0.4999993	1.573608E-06
actual	-8.660254	-0.9999993	1.157313E-06
actual	-13.85641	-1.999999	7.152557E-07
actual	-12.12436	-0.9999993	7.152557E-07
actual	-12.99038	-0.4999993	6.556511E-07
actual	-13.85641	-0.9999993	6.556511E-07
actual	12.99038	-0.4999993	2.007403E-06
actual	14.72243	0.5000006	1.998312E-06
actual	13.85641	1	1.96605E-06
actual	12.99038	0.5000006	1.98135E-06
actual	7.794229	-0.4999993	1.140693E-06
actual	9.526279	0.5000006	1.124618E-06
actual	8.660254	1	1.06624E-06
actual	7.794229	0.5000006	1.094196E-06
actual	-0.8660253	-0.4999993	6.286807E-07
actual	0.8660256	0.5000006	6.222908E-07
actual	1.192093E-07	1	5.039016E-07
actual	-0.8660253	0.5000006	5.39743E-07
actual	-9.526279	-0.4999993	1.140693E-06
actual	-7.79423	0.5000006	1.998312E-06
actual	-8.660254	1	1.06624E-06
actual	-9.526279	0.5000006	1.094196E-06
actual	-13.85641	-0.9999993	1.157313E-06
actual	-14.72243	-0.4999993	6.258488E-07
actual	-12.99038	0.5000006	5.960464E-07
actual	-14.72243	0.5000006	5.364418E-07
actual	-13.85641	1	1.06624E-06
actual	12.99038	0.5000006	1.094196E-06
actual	12.12436	1	1.06624E-06
actual	13.85641	2.000001	7.152557E-07
actual	13.85641	1	4.768372E-07
actual	12.99038	2.5	1.06624E-06
actual	11.25833	0.5000006	1.124618E-06
actual	10.39231	1	1.06624E-06
actual	12.12436	1	4.768372E-07
actual	10.39231	2.000001	1.192093E-06
actual	-12.12436	1	4.768372E-07
actual	-12.12436	2.000001	7.152557E-07
actual	-12.99038	2.5	4.768372E-07
actual	12.99038	3.5	1.922192E-06
actual	12.12436	4.000001	2.132481E-06
actual	9.526281	2.5	1.96605E-06
actual	9.526281	3.5	1.922192E-06
actual	10.39231	4.000001	1.348699E-06
actual	-11.25833	2.5	1.06624E-06
actual	-11.25833	3.5	9.83025E-07
actual	-12.99038	3.5	9.83025E-07
actual	-12.12436	4.000001	1.348699E-06
actual	12.12436	5.000001	1.348699E-06
actual	12.12436	4.000001	1.348699E-06
actual	10.39231	5.000001	1.348699E-06
actual	11.25833	5.500001	1.348699E-06
actual	6.062178	3.5	5.331202E-07
actual	5.196152	4.000001	9.536743E-07
actual	6.928204	4.000001	1.06624E-06
actual	6.928204	5.000001	1.06624E-06
actual	5.196152	5.000001	9.536743E-07
actual	-0.8660253	3.5	2.457562E-07
actual	-1.732051	4.000001	9.536743E-07
actual	1.192093E-07	4.000001	9.61096E-07
actual	1.192093E-07	5.000001	9.61096E-07
actual	-0.8660253	5.500001	9.61096E-07
actual	-1.732051	5.000001	9.536743E-07
actual	-7.79423	3.5	1.450244E-06
actual	-8.660254	4.000001	1.348699E-06
actual	-6.928204	4.000001	1.348699E-06
actual	-6.928204	5.000001	1.348699E-06
actual	-7.79423	5.500001	1.719261E-06
actual	-8.660254	5.000001	1.348699E-06
actual	-10.39231	5.000001	9.536743E-07
actual	-12.12435	5.000001	1.348699E-06
actual	-11.25833	5.500001	9.536743E-07
actual	-12.12435	4.000001	1.348699E-06
actual	12.99038	5.500001	2.132481E-06
actual	12.12436	5.000001	2.132481E-06
actual	12.99038	6.5	1.907349E-06
actual	12.12436	7.000001	2.132481E-06
actual	11.25833	6.5	1.907349E-06
actual	11.25833	5.500001	2.132481E-06
actual	7.794229	5.500001	1.06624E-06
actual	7.794229	6.5	4.768372E-07
actual	6.928204	7.000001	1.06624E-06
actual	6.062178	6.5	4.768372E-07
actual	4.330127	5.500001	1.06624E-06
actual	5.196153	7.000001	1.348699E-06
actual	6.062179	6.5	9.536743E-07
actual	4.330127	6.5	4.768372E-07
actual	-9.526279	5.500001	9.536743E-07
actual	-7.79423	6.5	1.907349E-06
actual	-9.52628	5.500001	1.348699E-06
actual	-9.526279	8.5	0
actual	-10.3923	8.000001	9.536743E-07
actual	-10.3923	7.000001	9.536743E-07
